,Acne,Arthritis,Bronchial Asthma,Cervical spondylosis,Chicken pox,Common Cold,Dengue,Dimorphic Hemorrhoids,Fungal infection,Hypertension,Impetigo,Jaundice,Malaria,Migraine,Pneumonia,Psoriasis,Typhoid,Varicose Veins,allergy,diabetes,drug reaction,gastroesophageal reflux disease,peptic ulcer disease,urinary tract infection,accuracy,macro avg,weighted avg
precision,1.0,1.0,0.9090909090909091,1.0,0.9,0.9090909090909091,0.9,1.0,1.0,1.0,1.0,0.9090909090909091,1.0,1.0,1.0,0.9090909090909091,0.9,0.9090909090909091,1.0,0.6923076923076923,1.0,0.9090909090909091,1.0,1.0,0.9458333333333333,0.9519522144522145,0.9519522144522145
recall,1.0,1.0,1.0,1.0,0.9,1.0,0.9,1.0,1.0,1.0,1.0,1.0,1.0,0.9,1.0,1.0,0.9,1.0,0.9,0.9,0.5,1.0,0.9,0.9,0.9458333333333333,0.9458333333333333,0.9458333333333333
f1-score,1.0,1.0,0.9523809523809523,1.0,0.9,0.9523809523809523,0.9,1.0,1.0,1.0,1.0,0.9523809523809523,1.0,0.9473684210526316,1.0,0.9523809523809523,0.9,0.9523809523809523,0.9473684210526316,0.7826086956521738,0.6666666666666666,0.9523809523809523,0.9473684210526316,0.9473684210526316,0.9458333333333333,0.9438764483672951,0.943876448367295
support,10.0,10.0,10.0,10.0,10.0,10.0,10.0,10.0,10.0,10.0,10.0,10.0,10.0,10.0,10.0,10.0,10.0,10.0,10.0,10.0,10.0,10.0,10.0,10.0,0.9458333333333333,240.0,240.0
