,Acne,Arthritis,Bronchial Asthma,Cervical spondylosis,Chicken pox,Common Cold,Dengue,Dimorphic Hemorrhoids,Fungal infection,Hypertension,Impetigo,Jaundice,Malaria,Migraine,Pneumonia,Psoriasis,Typhoid,Varicose Veins,allergy,diabetes,drug reaction,gastroesophageal reflux disease,peptic ulcer disease,urinary tract infection,accuracy,macro avg,weighted avg
precision,0.9090909090909091,0.9090909090909091,0.75,0.75,0.5714285714285714,0.5333333333333333,0.5555555555555556,1.0,0.875,1.0,0.5,1.0,1.0,1.0,0.7,0.8888888888888888,0.5454545454545454,1.0,0.3333333333333333,0.2,0.2857142857142857,0.5555555555555556,0.5555555555555556,1.0,0.7041666666666667,0.7257500601250602,0.72575006012506
recall,1.0,1.0,0.6,0.9,0.8,0.8,0.5,1.0,0.7,0.9,0.7,0.9,0.9,1.0,0.7,0.8,0.6,0.7,0.2,0.1,0.4,1.0,0.5,0.2,0.7041666666666667,0.7041666666666666,0.7041666666666667
f1-score,0.9523809523809523,0.9523809523809523,0.6666666666666665,0.8181818181818182,0.6666666666666666,0.64,0.5263157894736842,1.0,0.7777777777777777,0.9473684210526316,0.5833333333333334,0.9473684210526316,0.9473684210526316,1.0,0.7,0.8421052631578948,0.5714285714285713,0.8235294117647058,0.25,0.13333333333333333,0.3333333333333333,0.7142857142857143,0.5263157894736842,0.33333333333333337,0.7041666666666667,0.6938947487554299,0.6938947487554298
support,10.0,10.0,10.0,10.0,10.0,10.0,10.0,10.0,10.0,10.0,10.0,10.0,10.0,10.0,10.0,10.0,10.0,10.0,10.0,10.0,10.0,10.0,10.0,10.0,0.7041666666666667,240.0,240.0
