,Acne,Arthritis,Bronchial Asthma,Cervical spondylosis,Chicken pox,Common Cold,Dengue,Dimorphic Hemorrhoids,Fungal infection,Hypertension,Impetigo,Jaundice,Malaria,Migraine,Pneumonia,Psoriasis,Typhoid,Varicose Veins,allergy,diabetes,drug reaction,gastroesophageal reflux disease,peptic ulcer disease,urinary tract infection,accuracy,macro avg,weighted avg
precision,1.0,1.0,1.0,1.0,0.8181818181818182,0.9090909090909091,0.8888888888888888,1.0,1.0,1.0,1.0,1.0,1.0,0.9090909090909091,0.7692307692307693,1.0,0.8181818181818182,0.9,0.9090909090909091,0.8181818181818182,1.0,0.9090909090909091,1.0,1.0,0.9375,0.9437095312095312,0.9437095312095312
recall,1.0,1.0,1.0,1.0,0.9,1.0,0.8,1.0,1.0,1.0,1.0,1.0,1.0,1.0,1.0,0.8,0.9,0.9,1.0,0.9,0.4,1.0,0.9,1.0,0.9375,0.9375,0.9375
f1-score,1.0,1.0,1.0,1.0,0.8571428571428572,0.9523809523809523,0.8421052631578948,1.0,1.0,1.0,1.0,1.0,1.0,0.9523809523809523,0.8695652173913044,0.888888888888889,0.8571428571428572,0.9,0.9523809523809523,0.8571428571428572,0.5714285714285715,0.9523809523809523,0.9473684210526316,1.0,0.9375,0.933346197619653,0.933346197619653
support,10.0,10.0,10.0,10.0,10.0,10.0,10.0,10.0,10.0,10.0,10.0,10.0,10.0,10.0,10.0,10.0,10.0,10.0,10.0,10.0,10.0,10.0,10.0,10.0,0.9375,240.0,240.0
