,Acne,Arthritis,Bronchial Asthma,Cervical spondylosis,Chicken pox,Common Cold,Dengue,Dimorphic Hemorrhoids,Fungal infection,Hypertension,Impetigo,Jaundice,Malaria,Migraine,Pneumonia,Psoriasis,Typhoid,Varicose Veins,allergy,diabetes,drug reaction,gastroesophageal reflux disease,peptic ulcer disease,urinary tract infection,accuracy,macro avg,weighted avg
precision,1.0,1.0,0.8333333333333334,1.0,0.7777777777777778,1.0,0.6923076923076923,0.7692307692307693,1.0,0.8333333333333334,1.0,1.0,1.0,1.0,0.9,1.0,0.8888888888888888,1.0,0.8571428571428571,0.7692307692307693,0.625,0.8333333333333334,1.0,1.0,0.9,0.907482448107448,0.9074824481074482
recall,1.0,1.0,1.0,1.0,0.7,1.0,0.9,1.0,0.9,1.0,0.9,1.0,1.0,1.0,0.9,0.8,0.8,0.9,0.6,1.0,0.5,1.0,0.7,1.0,0.9,0.9,0.9
f1-score,1.0,1.0,0.9090909090909091,1.0,0.7368421052631577,1.0,0.7826086956521738,0.8695652173913044,0.9473684210526316,0.9090909090909091,0.9473684210526316,1.0,1.0,1.0,0.9,0.888888888888889,0.8421052631578948,0.9473684210526316,0.7058823529411764,0.8695652173913044,0.5555555555555556,0.9090909090909091,0.8235294117647058,1.0,0.9,0.8976633624348661,0.897663362434866
support,10.0,10.0,10.0,10.0,10.0,10.0,10.0,10.0,10.0,10.0,10.0,10.0,10.0,10.0,10.0,10.0,10.0,10.0,10.0,10.0,10.0,10.0,10.0,10.0,0.9,240.0,240.0
